Year,school name,Borough,Zip
1/1/2017,East-West School of International Studies,QUEENS,NY
1/1/2017,"Queens High School of Teaching, Liberal Arts and the Sciences",QUEENS,NY
1/1/2017,Williamsburg High School for Architecture and Design,BROOKLYN,NY
1/1/2017,Kingsborough Early College School,BROOKLYN,NY
1/1/2017,M.S. 129 Academy for Independent Learning and Leadership,BRONX,NY
1/1/2017,The Metropolitan Soundview High School,BRONX,NY
1/1/2017,South Bronx Preparatory: A College Board School,BRONX,NY
1/1/2017,P.S. 179 Kensington,BROOKLYN,NY
1/1/2017,I.S. 347 School of Humanities,BROOKLYN,NY
1/1/2017,P.S. 087 William Sherman,MANHATTAN,NY
1/1/2017,High School for Excellence and Innovation,MANHATTAN,NY
1/1/2017,P.S. 017 Henry David Thoreau,QUEENS,NY
1/1/2017,P.S. 169 Sunset Park,BROOKLYN,NY
1/1/2017,Fannie Lou Hamer Middle School,BRONX,NY
1/1/2017,Brooklyn Preparatory High School,BROOKLYN,NY
1/1/2017,Victory Collegiate High School,BROOKLYN,NY
1/1/2017,I.S. 096 Seth Low,BROOKLYN,NY
1/1/2017,Van Siclen Community Middle School,BROOKLYN,NY
1/1/2017,High School of Sports Management,BROOKLYN,NY
1/1/2017,P.S. 206 Joseph F Lamb,BROOKLYN,NY
1/1/2017,P.S. 58 - The School of Heroes,QUEENS,NY
1/1/2017,P.S. 052 Queens,QUEENS,NY
1/1/2017,P.S. 150,MANHATTAN,NY
1/1/2017,J.H.S. 194 William Carr,QUEENS,NY
1/1/2017,Gramercy Arts High School,MANHATTAN,NY
1/1/2017,P.S. Q811,QUEENS,NY
1/1/2017,The Walton Avenue School,BRONX,NY
1/1/2017,P.S. K396,BROOKLYN,NY
1/1/2017,P.S. 029 John M. Harrigan,BROOKLYN,NY
1/1/2017,Green School: An Academy for Environmental Careers,BROOKLYN,NY
1/1/2017,Transit Tech Career and Technical Education High School,BROOKLYN,NY
1/1/2017,P.S. 042 Claremont,BRONX,NY
1/1/2017,P.S. 048 P.O. Michael J. Buczek,MANHATTAN,NY
1/1/2017,Yorkville Community School,MANHATTAN,NY
1/1/2017,P.S. 204 Morris Heights,BRONX,NY
1/1/2017,I.S. 141 The Steinway,QUEENS,NY
1/1/2017,M.S. 255 Salk School of Science,MANHATTAN,NY
1/1/2017,P.S. 132 Garret A. Morgan,BRONX,NY
1/1/2017,Brooklyn Studio Secondary School,BROOKLYN,NY
1/1/2017,Spruce Street School,MANHATTAN,NY
1/1/2017,P.S. 171 Patrick Henry,MANHATTAN,NY
1/1/2017,Muscota,MANHATTAN,NY
1/1/2017,I.S. X303 Leadership & Community Service,BRONX,NY
1/1/2017,P.S. 064 Joseph P. Addabbo,QUEENS,NY
1/1/2017,P. S. 62 - Chester Park School,QUEENS,NY
1/1/2017,P.S. 018 John Peter Zenger,BRONX,NY
1/1/2017,All City Leadership Secondary School,BROOKLYN,NY
1/1/2017,Academy for Conservation and the Environment,BROOKLYN,NY
1/1/2017,Innovation Diploma Plus,MANHATTAN,NY
1/1/2017,P.S. 009 Sarah Anderson,MANHATTAN,NY
1/1/2017,Millennium Brooklyn HS,BROOKLYN,NY
1/1/2017,P.S. 019 Marino Jeantet,QUEENS,NY
1/1/2017,P.S. 075 Emily Dickinson,MANHATTAN,NY
1/1/2017,J.H.S. 234 Arthur W. Cunningham,BROOKLYN,NY
1/1/2017,Staten Island Technical High School,STATEN ISLAND,NY
1/1/2017,P.S. 129 Patricia Larkin,QUEENS,NY
1/1/2017,Richard R. Green High School of Teaching,MANHATTAN,NY
1/1/2017,Vista Academy,BROOKLYN,NY
1/1/2017,"Mathematics, Science Research and Technology Magnet High School",QUEENS,NY
1/1/2017,P.S. 75 School of Research and Discovery,BRONX,NY
1/1/2017,P.S. 069 Journey Prep School,BRONX,NY
1/1/2017,M.S. 51 William Alexander,BROOKLYN,NY
1/1/2017,P.S. 078 Anne Hutchinson,BRONX,NY
1/1/2017,Humanities & Arts Magnet High School,QUEENS,NY
1/1/2017,P.S. 153 Adam Clayton Powell,MANHATTAN,NY
1/1/2017,Brooklyn Arts and Science Elementary School,BROOKLYN,NY
1/1/2017,The High School for Global Citizenship,BROOKLYN,NY
1/1/2017,P.S. 154 Queens,QUEENS,NY
1/1/2017,Brooklyn High School for Leadership and Community Service,BROOKLYN,NY
1/1/2017,Metropolitan Expeditionary Learning School,QUEENS,NY
1/1/2017,P.S. 049 Willis Avenue,BRONX,NY
1/1/2017,P.S. 154 Harriet Tubman,MANHATTAN,NY
1/1/2017,University Heights Secondary School,BRONX,NY
1/1/2017,ACORN Community High School,BROOKLYN,NY
1/1/2017,P.S. 253,QUEENS,NY
1/1/2017,P.S. 108 Assemblyman Angelo Del Toro Educational Complex,MANHATTAN,NY
1/1/2017,Bronx Alliance Middle School,BRONX,NY
1/1/2017,Franklin K. Lane Campus YABC,BROOKLYN,NY
1/1/2017,Young Leaders Elementary School,BRONX,NY
1/1/2017,Metropolitan Diploma Plus High School,BROOKLYN,NY
1/1/2017,University Neighborhood High School,MANHATTAN,NY
1/1/2017,The High School of Fashion Industries,MANHATTAN,NY
1/1/2017,JHS 123,BRONX,NY
1/1/2017,Manhattan Comprehensive Night and Day High School,MANHATTAN,NY
1/1/2017,Bronx High School for Writing and Communication Arts,BRONX,NY
1/1/2017,P.S. 002 Meyer London,MANHATTAN,NY
1/1/2017,Bronx Center for Science and Mathematics,BRONX,NY
1/1/2017,P.S. 138 Samuel Randall,BRONX,NY
1/1/2017,47 The American Sign Language and English Secondary School,MANHATTAN,NY
1/1/2017,I.S. 313 School of Leadership Development,BRONX,NY
1/1/2017,Monroe Academy for Visual Arts & Design,BRONX,NY
1/1/2017,M.S. 442 Carroll Gardens School for Innovation,BROOKLYN,NY
1/1/2017,Williamsburg Preparatory School,BROOKLYN,NY
1/1/2017,P.S. 206 Jose Celso Barbosa,MANHATTAN,NY
1/1/2017,P.S. 186 Dr. Irving A Gladstone,BROOKLYN,NY
1/1/2017,William E. Grady Career and Technical Education High School,BROOKLYN,NY
1/1/2017,Repertory Company High School for Theatre Arts,MANHATTAN,NY
1/1/2017,The Brooklyn School for Math and Research,BROOKLYN,NY
1/1/2017,J.H.S. 291 Roland Hayes,BROOKLYN,NY
1/1/2017,P.S. 123 Mahalia Jackson,MANHATTAN,NY
1/1/2017,J.H.S. 217 Robert A. Van Wyck,QUEENS,NY
1/1/2017,I.S. 5 - The Walter Crowley Intermediate School,QUEENS,NY
1/1/2017,P.S./M.S. 11X498 - VAN NEST ACADEMY,BRONX,NY
1/1/2017,The Lexington Academy,MANHATTAN,NY
1/1/2017,Rockaway Collegiate High School,QUEENS,NY
1/1/2017,P.S. 183 Robert L. Stevenson,MANHATTAN,NY
1/1/2017,George Westinghouse Career and Technical Education High School,BROOKLYN,NY
1/1/2017,Baruch College Campus High School,MANHATTAN,NY
1/1/2017,East Side Community School,MANHATTAN,NY
1/1/2017,Thurgood Marshall Academy for Learning and Social Change,MANHATTAN,NY
1/1/2017,Institute for Collaborative Education,MANHATTAN,NY
1/1/2017,Community Health Academy of the Heights,MANHATTAN,NY
1/1/2017,Middle School of Marketing and Legal Studies,BROOKLYN,NY
1/1/2017,"Science Skills Center High School for Science, Technology and the Creative Arts",BROOKLYN,NY
1/1/2017,P.S. 150 Queens,QUEENS,NY
1/1/2017,Newcomers High School,QUEENS,NY
1/1/2017,Lyons Community School,BROOKLYN,NY
1/1/2017,John Adams High School,QUEENS,NY
1/1/2017,P.S. 223 Lyndon B. Johnson,QUEENS,NY
1/1/2017,I.S. 093 Ridgewood,QUEENS,NY
1/1/2017,Juan Morel Campos Secondary School,BROOKLYN,NY
1/1/2017,"The Marie Curie School for Medicine, Nursing, and Health Professions",BRONX,NY
1/1/2017,Spring Creek Community School,BROOKLYN,NY
1/1/2017,P.S. 047 John Randolph,BRONX,NY
1/1/2017,I.S. 237,QUEENS,NY
1/1/2017,P.S. 021 Edward Hart,QUEENS,NY
1/1/2017,P.S. 5 Port Morris,BRONX,NY
1/1/2017,P.S. 90 Edna Cohen School,BROOKLYN,NY
1/1/2017,P.S. 120 Queens,QUEENS,NY
1/1/2017,P.S. 133 Fred R Moore,MANHATTAN,NY
1/1/2017,P.S. 097 Forest Park,QUEENS,NY
1/1/2017,M.S. 053 Brian Piccolo,QUEENS,NY
1/1/2017,Village Academy,QUEENS,NY
1/1/2017,Institute for Health Professions at Cambria Heights,QUEENS,NY
1/1/2017,P.S. 029 Queens,QUEENS,NY
1/1/2017,P.S. 192 - The Magnet School for Math and Science Inquiry,BROOKLYN,NY
1/1/2017,South Bronx Academy for Applied Media,BRONX,NY
1/1/2017,High School M560 - City As School,MANHATTAN,NY
1/1/2017,Mott Hall High School,MANHATTAN,NY
1/1/2017,P.S. 014 Fairview,QUEENS,NY
1/1/2017,Bronx Studio School for Writers and Artists,BRONX,NY
1/1/2017,"Robert F. Wagner, Jr. Secondary School for Arts and Technology",QUEENS,NY
1/1/2017,P.S. 101 The Verrazano,BROOKLYN,NY
1/1/2017,I.S. 230,QUEENS,NY
1/1/2017,Teachers College Community School,MANHATTAN,NY
1/1/2017,I.S. 303 Herbert S. Eisenberg,BROOKLYN,NY
1/1/2017,J.H.S. 201 The Dyker Heights,BROOKLYN,NY
1/1/2017,Expeditionary Learning School for Community Leaders,BROOKLYN,NY
1/1/2017,P.S. 536,BRONX,NY
1/1/2017,P.S. 262 El Hajj Malik El Shabazz Elementary School,BROOKLYN,NY
1/1/2017,Providing Urban Learners Success In Education High School,BRONX,NY
1/1/2017,P.S. 396,BRONX,NY
1/1/2017,I.S. 73 - The Frank Sansivieri Intermediate School,QUEENS,NY
1/1/2017,P.S. 149 Sojourner Truth,MANHATTAN,NY
1/1/2017,Fiorello H. LaGuardia High School of Music & Art and Performing Arts,MANHATTAN,NY
1/1/2017,Bushwick School for Social Justice,BROOKLYN,NY
1/1/2017,Academy for Young Writers,BROOKLYN,NY
1/1/2017,P.S. 108 Sal Abbracciamento,BROOKLYN,NY
1/1/2017,P.S. 013 Clement C. Moore,QUEENS,NY
1/1/2017,Townsend Harris High School,QUEENS,NY
1/1/2017,Pace High School,MANHATTAN,NY
1/1/2017,Arts & Media Preparatory Academy,BROOKLYN,NY
1/1/2017,I.S. 227 Louis Armstrong,QUEENS,NY
1/1/2017,J.H.S. 227 Edward B. Shallow,BROOKLYN,NY
1/1/2017,High School for Contemporary Arts,BRONX,NY
1/1/2017,Corona Arts and Sciences Academy,QUEENS,NY
1/1/2017,P.S. 148 Queens,QUEENS,NY
1/1/2017,Evergreen Middle School for Urban Exploration,BROOKLYN,NY
1/1/2017,Clara Barton High School,BROOKLYN,NY
1/1/2017,Jamaica Gateway to the Sciences,QUEENS,NY
1/1/2017,P.S. 165 Edith K. Bergtraum,QUEENS,NY
1/1/2017,Bard High School Early College Queens,QUEENS,NY
1/1/2017,High School of Telecommunication Arts and Technology,BROOKLYN,NY
1/1/2017,P.S. 163 Flushing Heights,QUEENS,NY
1/1/2017,P.S. 025 Bilingual School,BRONX,NY
1/1/2017,The School of Integrated Learning,BROOKLYN,NY
1/1/2018,J.H.S. 080 The Mosholu Parkway,BRONX,10467
1/1/2018,P.S. 047 John Randolph,BRONX,10472
1/1/2018,Bronx Center for Science and Mathematics,BRONX,NY
1/1/2018,Williamsburg Preparatory School,BROOKLYN,NY
1/1/2018,Clara Barton High School,BROOKLYN,NY
1/1/2018,East New York Family Academy,BROOKLYN,NY
1/1/2018,East-West School of International Studies,QUEENS,NY
1/1/2018,John Adams High School,QUEENS,NY
1/1/2018,P.S. 094 Kings College School,BRONX,NY
1/1/2018,P.S. 019 Marino Jeantet,QUEENS,NY
1/1/2018,South Bronx Preparatory: A College Board School,BRONX,NY
1/1/2018,P.S. 179 Kensington,BROOKLYN,NY
1/1/2018,J.H.S. 217 Robert A. Van Wyck,QUEENS,NY
1/1/2018,Staten Island Technical High School,STATEN ISLAND,NY
1/1/2018,P.S. Q811,QUEENS,NY
1/1/2018,Townsend Harris High School,QUEENS,NY
1/1/2018,George Westinghouse Career and Technical Education High School,BROOKLYN,NY
1/1/2018,P.S. 169 Sunset Park,BROOKLYN,NY
1/1/2018,Yorkville Community School,MANHATTAN,NY
1/1/2018,Secondary School for Law,BROOKLYN,NY
1/1/2018,High School of Sports Management,BROOKLYN,NY
1/1/2018,P.S. 017 Henry David Thoreau,QUEENS,NY
1/1/2018,I.S. 141 The Steinway,QUEENS,NY
1/1/2018,"East Side Elementary School, PS 267",MANHATTAN,NY
1/1/2018,P.S. 101 The Verrazano,BROOKLYN,NY
1/1/2018,P.S. 014 Fairview,QUEENS,NY
1/1/2018,Newcomers High School,QUEENS,NY
1/1/2018,Institute for Collaborative Education,MANHATTAN,NY
1/1/2018,Jacqueline Kennedy Onassis High School,MANHATTAN,NY
1/1/2018,P.S. 149 Sojourner Truth,MANHATTAN,NY
1/1/2018,P.S. 048 P.O. Michael J. Buczek,MANHATTAN,NY
1/1/2018,Academy for Conservation and the Environment,BROOKLYN,NY
1/1/2018,Academy for Young Writers,BROOKLYN,NY
1/1/2018,Van Siclen Community Middle School,BROOKLYN,NY
1/1/2018,William E. Grady Career and Technical Education High School,BROOKLYN,NY
1/1/2018,I.S. 093 Ridgewood,QUEENS,NY
1/1/2018,Institute for Health Professions at Cambria Heights,QUEENS,NY
1/1/2018,47 The American Sign Language and English Secondary School,MANHATTAN,10010
1/1/2018,High School for Excellence and Innovation,MANHATTAN,10034
1/1/2018,"The Marie Curie School for Medicine, Nursing, and Health Professions",BRONX,10463
1/1/2018,Bronx High School for Writing and Communication Arts,BRONX,10467
1/1/2018,P.S. 052 Queens,QUEENS,11434
1/1/2018,Frederick Douglass Academy V. Middle School,BRONX,10457
1/1/2018,P.S. 029 John M. Harrigan,BROOKLYN,11201
1/1/2018,Millennium Brooklyn HS,BROOKLYN,11215
1/1/2018,P.S. 39 Francis J. Murphy Jr.,STATEN ISLAND,10305
1/1/2018,P.S. 229 Emanuel Kaplan,QUEENS,11377
1/1/2018,P.S. 159,QUEENS,11361
1/1/2018,ACORN Community High School,BROOKLYN,NY
1/1/2018,P.S. 150,MANHATTAN,NY
1/1/2018,P.S. 075 Emily Dickinson,MANHATTAN,NY
1/1/2018,Teachers College Community School,MANHATTAN,NY
1/1/2018,P.S. 204 Morris Heights,BRONX,NY
1/1/2018,M.S. 51 William Alexander,BROOKLYN,NY
1/1/2018,The SEEALL Academy,BROOKLYN,NY
1/1/2018,J.H.S. 201 The Dyker Heights,BROOKLYN,NY
1/1/2018,"Robert F. Wagner, Jr. Secondary School for Arts and Technology",QUEENS,NY
1/1/2018,P.S. 129 Patricia Larkin,QUEENS,NY
1/1/2018,New York City Lab Middle School for Collaborative Studies,MANHATTAN,NY
1/1/2018,P.S. 009 Sarah Anderson,MANHATTAN,NY
1/1/2018,The Anderson School,MANHATTAN,NY
1/1/2018,P.S. 049 Willis Avenue,BRONX,NY
1/1/2018,I.S. 313 School of Leadership Development,BRONX,NY
1/1/2018,J.H.S. 050 John D. Wells,BROOKLYN,NY
1/1/2018,Automotive High School,BROOKLYN,NY
1/1/2018,El Puente Academy for Peace and Justice,BROOKLYN,NY
1/1/2018,Brownsville Academy High School,BROOKLYN,NY
1/1/2018,Brooklyn Arts and Science Elementary School,BROOKLYN,NY
1/1/2018,High School of Telecommunication Arts and Technology,BROOKLYN,NY
1/1/2018,P.S. 163 Flushing Heights,QUEENS,NY
1/1/2018,P.S. K396,BROOKLYN,NY
1/1/2018,P.S. 132 Garret A. Morgan,BRONX,10456
1/1/2018,Bronx School of Law and Finance,BRONX,10463
1/1/2018,Crotona Academy High School,BRONX,10459
1/1/2018,Bronx Envision Academy,BRONX,10460
1/1/2018,Brooklyn High School for Leadership and Community Service,BROOKLYN,11205
1/1/2018,P.S. 28 - The Thomas Emanuel Early Childhood Center,QUEENS,11368
1/1/2018,Bard High School Early College Queens,QUEENS,11101
1/1/2018,P.S. 165 Edith K. Bergtraum,QUEENS,11367
1/1/2018,P.S. 096,QUEENS,11420
1/1/2018,M.S. 358,QUEENS,11432
1/1/2018,William Cullen Bryant High School,QUEENS,11103
1/1/2018,P.S. 110 Florence Nightingale,MANHATTAN,10002
1/1/2018,East Side Community School,MANHATTAN,10009
1/1/2018,Manhattan Early College School for Advertising,MANHATTAN,10038
1/1/2018,"Facing History School, The",MANHATTAN,10019
1/1/2018,Spruce Street School,MANHATTAN,10038
1/1/2018,High School M560 - City As School,MANHATTAN,10014
1/1/2018,"Urban Assembly School for Applied Math and Science, The",BRONX,10457
1/1/2018,P.S. 90 Edna Cohen School,BROOKLYN,11224
1/1/2018,P.S. 021 Edward Hart,QUEENS,11354
1/1/2018,Business Technology Early College High School,QUEENS,11427
1/1/2018,Frank Sinatra School of the Arts High School,QUEENS,11106
1/1/2018,Concord High School,STATEN ISLAND,10304
1/1/2018,Battery Park City School,MANHATTAN,10280
1/1/2018,Renaissance School of the Arts,MANHATTAN,10035
1/1/2018,Central Park East High School,MANHATTAN,10029
1/1/2018,P.S. 277,BRONX,10455
1/1/2018,High School for Contemporary Arts,BRONX,10467
1/1/2018,Parkside Preparatory Academy,BROOKLYN,11226
1/1/2018,"The School for Classics: An Academy of Thinkers, Writers and Performers",BROOKLYN,11208
1/1/2018,I.S. 73 - The Frank Sansivieri Intermediate School,QUEENS,11378
1/1/2018,P.S. 090 Horace Mann,QUEENS,11418
1/1/2018,P.S. 097 Forest Park,QUEENS,11421
1/1/2018,P.S. 050 Talfourd Lawn Elementary School,QUEENS,11435
1/1/2018,P.S. 195 William Haberle,QUEENS,11422
1/1/2018,Energy Tech High School,QUEENS,11106
1/1/2018,The Brooklyn School for Social Justice,BROOKLYN,11237
1/1/2018,Thurgood Marshall Academy for Learning and Social Change,MANHATTAN,10030
1/1/2018,P.S. 5 Port Morris,BRONX,10455
1/1/2018,P.S. 223 Lyndon B. Johnson,QUEENS,11434
1/1/2018,P.S. 148 Queens,QUEENS,11369
1/1/2018,South Bronx Academy for Applied Media,BRONX,10456
1/1/2018,Bronx Academy of Health Careers,BRONX,10467
1/1/2018,P.S. 007 Louis F. Simeone,QUEENS,11373
1/1/2018,P.S. 133 Fred R Moore,MANHATTAN,10037
1/1/2018,Academy for Social Action,MANHATTAN,10027
1/1/2018,City College Academy of the Arts,MANHATTAN,10040
1/1/2018,Brooklyn Preparatory High School,BROOKLYN,11211
1/1/2018,Lyons Community School,BROOKLYN,11206
1/1/2018,Brooklyn Studio Secondary School,BROOKLYN,11214
1/1/2018,P.S. 110,QUEENS,11368
1/1/2018,Stephen T. Mather Building Arts & Craftsmanship High School,MANHATTAN,10019
1/1/2018,University Neighborhood High School,MANHATTAN,10002
1/1/2018,Forsyth Satellite Academy,MANHATTAN,10002
1/1/2018,J.H.S. 104 Simon Baruch,MANHATTAN,10010
1/1/2018,P.S. 183 Robert L. Stevenson,MANHATTAN,10065
1/1/2018,M.S. 255 Salk School of Science,MANHATTAN,10003
1/1/2018,Baruch College Campus High School,MANHATTAN,10010
1/1/2018,P.S. 087 William Sherman,MANHATTAN,10024
1/1/2018,P.S. 108 Assemblyman Angelo Del Toro Educational Complex,MANHATTAN,10029
1/1/2018,P.S. 123 Mahalia Jackson,MANHATTAN,10030
1/1/2018,P.S. 069 Journey Prep School,BRONX,10473
1/1/2018,P.S. 042 Claremont,BRONX,10457
1/1/2018,P.S. 073 Bronx,BRONX,10452
1/1/2018,"P.S. 279 Captain Manuel Rivera, Jr.",BRONX,10453
1/1/2018,P.S. 396,BRONX,10453
1/1/2018,P.S. 078 Anne Hutchinson,BRONX,10469
1/1/2018,M.S. 129 Academy for Independent Learning and Leadership,BRONX,10460
1/1/2018,The School of Science and Applied Learning,BRONX,10457
1/1/2018,Middle School of Marketing and Legal Studies,BROOKLYN,11203
1/1/2018,Brooklyn Science and Engineering Academy,BROOKLYN,11203
1/1/2018,Spring Creek Community School,BROOKLYN,11208
1/1/2018,Performing Arts and Technology High School,BROOKLYN,11207
1/1/2018,Vista Academy,BROOKLYN,11208
1/1/2018,The Urban Assembly School for Collaborative Healthcare,BROOKLYN,11208
1/1/2018,P.S. 185 Walter Kassenbrock,BROOKLYN,11209
1/1/2018,P.S. 186 Dr. Irving A Gladstone,BROOKLYN,11214
1/1/2018,P.S. 192 - The Magnet School for Math and Science Inquiry,BROOKLYN,11204
1/1/2018,P.S. 200 Benson School,BROOKLYN,11214
1/1/2018,J.H.S. 227 Edward B. Shallow,BROOKLYN,11204
1/1/2018,Expeditionary Learning School for Community Leaders,BROOKLYN,11214
1/1/2018,P.S. 206 Joseph F Lamb,BROOKLYN,11229
1/1/2018,International High School for Health Sciences,QUEENS,11373
1/1/2018,P.S. 029 Queens,QUEENS,11356
1/1/2018,Queens High School for Language Studies,QUEENS,11354
1/1/2018,"Queens School of Inquiry, The",QUEENS,11366
1/1/2018,Flushing High School,QUEENS,11354
1/1/2018,P. S. 62 - Chester Park School,QUEENS,11419
1/1/2018,Hillside Arts & Letters Academy,QUEENS,11432
1/1/2018,Queens High School for the Sciences at York College,QUEENS,11433
1/1/2018,P.S. 095 Eastwood,QUEENS,11432
1/1/2018,"Mathematics, Science Research and Technology Magnet High School",QUEENS,11411
1/1/2018,P.S. 150 Queens,QUEENS,11104
1/1/2018,P.S. 228 Early Childhood Magnet School of the Arts,QUEENS,11369
1/1/2018,P.S. 057 Hubert H. Humphrey,STATEN ISLAND,10304
1/1/2018,J.H.S. 291 Roland Hayes,BROOKLYN,11221
1/1/2018,Academy for Environmental Leadership,BROOKLYN,11237
1/1/2018,Bushwick Community High School,BROOKLYN,11221
1/1/2018,P.S. K721 - Brooklyn Occupational Training Center,BROOKLYN,11223
1/1/2018,P.S. 120 Queens,QUEENS,11355
1/1/2018,"School of Math, Science, and Healthy Living",BROOKLYN,NY
1/1/2018,Rockaway Collegiate High School,QUEENS,NY
1/1/2018,P.S. 049 Dorothy Bonawit Kole,QUEENS,11379
1/1/2018,I.S. 077,QUEENS,11385
1/1/2018,N.Y.C. Museum School,MANHATTAN,10011
1/1/2018,Wadleigh Secondary School for the Performing & Visual Arts,MANHATTAN,10026
1/1/2018,P.S. 154 Harriet Tubman,MANHATTAN,10027
1/1/2018,Grant Avenue Elementary School,BRONX,10456
1/1/2018,"Science Skills Center High School for Science, Technology and the Creative Arts",BROOKLYN,11201
1/1/2018,Juan Morel Campos Secondary School,BROOKLYN,11206
1/1/2018,"Magnet School of Math, Science and Design Technology",BROOKLYN,11215
1/1/2018,M.S. 442 Carroll Gardens School for Innovation,BROOKLYN,11215
1/1/2018,I.S. 237,QUEENS,11355
1/1/2018,"Queens High School of Teaching, Liberal Arts and the Sciences",QUEENS,11426
1/1/2018,All City Leadership Secondary School,BROOKLYN,11237
1/1/2018,Pace High School,MANHATTAN,10002
1/1/2018,Manhattan Bridges High School,MANHATTAN,10019
1/1/2018,Mott Hall High School,MANHATTAN,10030
1/1/2018,The Williamsburg High School of Art and Technology,BROOKLYN,11206
1/1/2018,I.S. 051 Edwin Markham,STATEN ISLAND,10302
1/1/2018,"The High School for Enterprise, Business and Technology",BROOKLYN,11211
1/1/2018,M.S. M245 The Computer School,MANHATTAN,10024
1/1/2018,Fiorello H. LaGuardia High School of Music & Art and Performing Arts,MANHATTAN,10023
1/1/2018,Bronx Collaborative High School,BRONX,10468
1/1/2018,M.S. 890,BROOKLYN,11218
1/1/2018,Manhattan International High School,MANHATTAN,10065
1/1/2018,"P.S./M.S. 20 P.O.George J. Werdann, III",BRONX,10467
1/1/2018,P.S. 306,BRONX,10453
1/1/2018,P.S. X012 Lewis and Clark School,BRONX,10461
1/1/2018,Eximius College Preparatory Academy: A College Board School,BRONX,10456
1/1/2018,I.S. 230,QUEENS,11372
1/1/2018,P.S. 154 Queens,QUEENS,NY
1/1/2018,P.S. 002 Meyer London,MANHATTAN,10002
1/1/2018,Bronxdale High School,BRONX,10469
1/1/2018,Channel View School for Research,QUEENS,11694
1/1/2018,Corona Arts & Sciences Academy,QUEENS,11368
1/1/2018,M.S. 053 Brian Piccolo,QUEENS,11691
1/1/2018,P.S. 253,QUEENS,11691
1/1/2018,I.S. 227 Louis Armstrong,QUEENS,11369
1/1/2018,Hunters Point Community Middle School,QUEENS,11101
1/1/2018,J.H.S. 194 William Carr,QUEENS,11357
1/1/2018,Young Leaders Elementary School,BRONX,10454
1/1/2018,P.S. 377,QUEENS,11418
1/1/2018,East Flatbush Community Research School,BROOKLYN,11203
1/1/2018,West End Secondary School,MANHATTAN,10023
1/1/2018,Chelsea Career and Technical Education High School,MANHATTAN,10013
1/1/2018,Academy of Public Relations,BRONX,10456
1/1/2018,Hawtree Creek Middle School,QUEENS,11420
1/1/2018,P.S. 022 Graniteville,STATEN ISLAND,10303
1/1/2018,Fort Hamilton High School,BROOKLYN,11209
1/1/2018,Bronx Studio School for Writers and Artists,BRONX,10459
1/1/2018,Sunset Park Prep,BROOKLYN,11232
1/1/2018,J.H.S. 189 Daniel Carter Beard,QUEENS,11355
1/1/2018,J.H.S. 123 James M. Kieran,BRONX,10472
1/1/2018,I.S. 303 Herbert S. Eisenberg,BROOKLYN,11224
1/1/2018,P.S. 188 The Island School,MANHATTAN,10002
1/1/2018,P.S. 041 Francis White,BROOKLYN,11212
1/1/2018,P.S. 261 Philip Livingston,BROOKLYN,11201
1/1/2018,Life Academy High School for Film and Music,BROOKLYN,11214
1/1/2018,P.S. 58 - The School of Heroes,QUEENS,11378
1/1/2018,P.S. 199 Maurice A. Fitzgerald,QUEENS,11104
1/1/2018,Eleanor Roosevelt High School,MANHATTAN,10021
1/1/2018,"High School for Law, Advocacy and Community Justice",MANHATTAN,10023
1/1/2018,P.S. 007 Samuel Stern,MANHATTAN,10035
1/1/2018,P.S./M.S. 280 Mosholu Parkway,BRONX,10467
1/1/2018,"Celia Cruz Bronx High School of Music, The",BRONX,10468
1/1/2018,P.S. 115 Daniel Mucatel School,BROOKLYN,11236
1/1/2018,Liberty Avenue Middle School,BROOKLYN,11208
1/1/2018,P.S. 102 The Bayview,BROOKLYN,11209
1/1/2018,Waterside School For Leadership,QUEENS,11694
1/1/2018,P.S. 004 Duke Ellington,MANHATTAN,10032
1/1/2018,Concourse Village Elementary School,BRONX,10451
1/1/2018,"City Polytechnic High School of Engineering, Architecture, and Technology",BROOKLYN,11201
1/1/2018,Crotona International High School,BRONX,10458
1/1/2018,The Urban Assembly Unison School,BROOKLYN,11238
1/1/2018,Young Women's Leadership School of Brooklyn,BROOKLYN,11206
1/1/2018,P.S. 97 The Highlawn,BROOKLYN,11223
1/1/2018,Riverdale Avenue Community School,BROOKLYN,11212
1/1/2018,J.H.S. 185 Edward Bleeker,QUEENS,QUEENS
1/1/2018,Tompkins Square Middle School,MANHATTAN,10009
1/1/2018,P.S. 034 Franklin D. Roosevelt,MANHATTAN,10009
1/1/2018,"New Explorations into Science, Technology and Math High School",MANHATTAN,10002
1/1/2018,Academy for Software Engineering,MANHATTAN,10003
1/1/2018,P.S. 211,BRONX,10457
1/1/2018,P.S. 083 Donald Hertz,BRONX,10462
1/1/2018,Collaborative Arts Middle School,QUEENS,11413
1/1/2018,P.S. 536,BRONX,10460
1/1/2018,P.S. 064 Joseph P. Addabbo,QUEENS,11416
1/1/2018,Village Academy,QUEENS,11691
1/1/2018,Claremont International HS,BRONX,10457
1/1/2018,P.S. 328 Phyllis Wheatley,BROOKLYN,11207
1/1/2018,P.S. 368,BROOKLYN,11206
1/1/2018,John Jay School for Law,BROOKLYN,11215
1/1/2018,Ralph A. Fabrizio School,BROOKLYN,11209
1/1/2018,P.S. 194 Countee Cullen,MANHATTAN,10030
1/1/2018,Catherine & Count Basie Middle School 72,QUEENS,11434
1/1/2018,Bronx Early College Academy for Teaching & Learning,BRONX,10456
1/1/2018,The Lexington Academy,MANHATTAN,10029
1/1/2019,I.S. 303 Herbert S. Eisenberg,BROOKLYN,11224
1/1/2019,P.S. 019 Marino Jeantet,QUEENS,11368
1/1/2019,School Support Team 5- Brooklyn South,BROOKLYN,11209
1/1/2019,High School of Telecommunication Arts and Technolo,BROOKLYN,11220
1/1/2019,J.H.S. 217 Robert A. Van Wyck,QUEENS,11435
1/1/2019,The SEEALL Academy,BROOKLYN,11204
1/1/2019,J.H.S. 227 Edward B. Shallow,BROOKLYN,11204
1/1/2019,Sunset Park Prep,BROOKLYN,11232
1/1/2019,Fort Hamilton High School,BROOKLYN,11209
1/1/2019,P.S. Q811,QUEENS,11362
1/1/2019,Bushwick Community High School,BROOKLYN,11221
1/1/2019,Bronx Envision Academy,BRONX,10460
1/1/2019,East New York Family Academy,BROOKLYN,11207
1/1/2019,P.S. 211,BRONX,10457
1/1/2019,Satellite Academy High School,MANHATTAN,10001
1/1/2019,P.S. 047 John Randolph,BRONX,10472
1/1/2019,"Queens High School of Teaching, Liberal Arts and t",QUEENS,11426
1/1/2019,PS & OTPS in Schools - E & A,MANHATTAN,10007
1/1/2019,P.S. K396,BROOKLYN,11212
1/1/2019,J.H.S. 050 John D. Wells,BROOKLYN,11211
1/1/2019,"The High School for Enterprise, Business and Techn",BROOKLYN,11211
1/1/2019,P.S. 165 Edith K. Bergtraum,QUEENS,11367
1/1/2019,School Support Team 1- Manhattan,MANHATTAN,10001
1/1/2019,I.S. 237,QUEENS,11355
1/1/2019,School Support Team 4- Manhattan,MANHATTAN,10001
1/1/2019,Central Park East High School,MANHATTAN,10029
1/1/2019,P.S. 196 Grand Central Parkway,QUEENS,11375
1/1/2019,M.S. M245 The Computer School,MANHATTAN,10024
1/1/2019,High School of Arts and Technology,MANHATTAN,10023
1/1/2019,"High School for Law, Advocacy and Community Justic",MANHATTAN,10023
1/1/2019,P.S. 090 Horace Mann,QUEENS,11418
1/1/2019,P.S. 58 - The School of Heroes,QUEENS,11378
1/1/2019,School Support Team 5- Manhattan,MANHATTAN,10001
1/1/2019,Townsend Harris High School,QUEENS,11367
1/1/2019,West End Secondary School,MANHATTAN,10023
1/1/2019,William Cullen Bryant High School,QUEENS,11103
1/1/2019,P.S. 194 Countee Cullen,MANHATTAN,10030
1/1/2019,Newcomers High School,QUEENS,11101
1/1/2019,School Support Team 1- Queens North,QUEENS,11101
1/1/2019,"Facing History School, The",MANHATTAN,10019
1/1/2019,P.S. 017 Henry David Thoreau,QUEENS,11102
1/1/2019,Community Health Academy of the Heights,MANHATTAN,10032
1/1/2019,I.S. 141 The Steinway,QUEENS,11105
1/1/2019,Vista Academy,BROOKLYN,11208
1/1/2019,P.S. 004 Maurice Wollin,STATEN ISLAND,10312
1/1/2019,P.S. 094 Kings College School,BRONX,10467
1/1/2019,P.S. 204 Morris Heights,BRONX,10453
1/1/2019,New York City Lab Middle School for Collaborative,MANHATTAN,10011
1/1/2019,P.S. K721 - Brooklyn Occupational Training Center,BROOKLYN,11223
1/1/2019,P.S. 101 The Verrazano,BROOKLYN,11214
1/1/2019,Innovation Diploma Plus,MANHATTAN,10024
1/1/2019,Queens High School for Language Studies,QUEENS,11354
1/1/2019,School Support Team 3- Manhattan,MANHATTAN,10001
1/1/2019,Jacqueline Kennedy Onassis High School,MANHATTAN,10036
1/1/2019,Brooklyn Arts and Science Elementary School,BROOKLYN,11238
1/1/2019,Fiorello H. LaGuardia High School of Music & Art a,MANHATTAN,10023
1/1/2019,Brooklyn Science and Engineering Academy,BROOKLYN,11203
1/1/2019,Van Siclen Community Middle School,BROOKLYN,11207
1/1/2019,P.S. 186 Dr. Irving A Gladstone,BROOKLYN,11214
1/1/2019,Institute for Collaborative Education,MANHATTAN,10003
1/1/2019,P.S. 129 Patricia Larkin,QUEENS,11356
1/1/2019,Expeditionary Learning School for Community Leader,BROOKLYN,11214
1/1/2019,P.S. 368,BROOKLYN,11206
1/1/2019,P.S. 205 Clarion,BROOKLYN,11204
1/1/2019,Field Support Center - Queens North,QUEENS,11101
1/1/2019,"P.S./M.S. 20 P.O.George J. Werdann, III",BRONX,10467
1/1/2019,P.S. 042 Claremont,BRONX,10457
1/1/2019,Institute for Health Professions at Cambria Height,QUEENS,11411
1/1/2019,Williamsburg Preparatory School,BROOKLYN,11211
1/1/2019,George Westinghouse Career and Technical Education,BROOKLYN,11201
1/1/2019,Queens High School for the Sciences at York Colleg,QUEENS,11433
1/1/2019,Explorations Academy H.S.,BRONX,10460
1/1/2019,M.S. 890,BROOKLYN,11218
1/1/2019,Spruce Street School,MANHATTAN,10038
1/1/2019,Academy for Young Writers,BROOKLYN,11208
1/1/2019,Humanities & Arts Magnet High School,QUEENS,11411
1/1/2019,School Support Team 5- Brooklyn North,BROOKLYN,11201
1/1/2019,Automotive High School,BROOKLYN,11222
1/1/2019,Parkside Preparatory Academy,BROOKLYN,11226
1/1/2019,Brooklyn Studio Secondary School,BROOKLYN,11214
1/1/2019,Staten Island Technical High School,STATEN ISLAND,10306
1/1/2019,Academy for Conservation and the Environment,BROOKLYN,11236
1/1/2019,Bronxdale High School,BRONX,10469
1/1/2019,School Support Team 6- Manhattan,MANHATTAN,10001
1/1/2019,M.S. 053 Brian Piccolo,QUEENS,11691
1/1/2019,Mount Eden Children's Academy,BRONX,10452
1/1/2019,Brooklyn Preparatory High School,BROOKLYN,11211
1/1/2019,P.S. 200 Benson School,BROOKLYN,11214
1/1/2019,P.S. 28 - The Thomas Emanuel Early Childhood Cente,QUEENS,11368
1/1/2019,Bronx Academy of Health Careers,BRONX,10467
1/1/2019,P.S. 029 John M. Harrigan,BROOKLYN,11201
1/1/2019,P.S. 206 Joseph F Lamb,BROOKLYN,11229
1/1/2019,P.S. 97 The Highlawn,BROOKLYN,11223
1/1/2019,P.S. 041 Greenwich Village,MANHATTAN,10011
1/1/2019,J.H.S. 194 William Carr,QUEENS,11357
1/1/2019,The Williamsburg High School of Art and Technology,BROOKLYN,11206
1/1/2019,Renaissance School of the Arts,MANHATTAN,10035
1/1/2019,High School for Excellence and Innovation,MANHATTAN,10034
1/1/2019,New Heights Middle School,BROOKLYN,11203
1/1/2019,Concord High School,STATEN ISLAND,10304
1/1/2019,J.H.S. 062 Ditmas,BROOKLYN,11218
1/1/2019,Affinity Group,MANHATTAN,10007
1/1/2019,The Anderson School,MANHATTAN,10024
1/1/2019,Concourse Village Elementary School,BRONX,10451
1/1/2019,P.S. 009 Sarah Anderson,MANHATTAN,10024
1/1/2019,Bronx Theatre High School,BRONX,10463
1/1/2019,Tompkins Square Middle School,MANHATTAN,10009
1/1/2019,Secondary School for Journalism,BROOKLYN,11215
1/1/2019,School Support Team 1- Brooklyn North,BROOKLYN,11201
1/1/2019,Fannie Lou Hamer Middle School,BRONX,10460
1/1/2019,World View High School,BRONX,10468
1/1/2019,Brooklyn High School for Leadership and Community,BROOKLYN,11205
1/1/2019,Manhattan International High School,MANHATTAN,10065
1/1/2019,International High School at Lafayette,BROOKLYN,11214
1/1/2019,John Jay School for Law,BROOKLYN,11215
1/1/2019,Spring Creek Community School,BROOKLYN,11208
1/1/2019,Eagle Academy for Young Men III,QUEENS,11434
1/1/2019,School Support Team 8- Bronx,BRONX,10458
1/1/2019,Hawtree Creek Middle School,QUEENS,11420
1/1/2019,Lyons Community School,BROOKLYN,11206
1/1/2019,High School of Sports Management,BROOKLYN,11214
1/1/2019,East Flatbush Community Research School,BROOKLYN,11203
1/1/2019,P.S. 207 Rockwood Park,QUEENS,11414
1/1/2019,M.S. 255 Salk School of Science,MANHATTAN,10003
1/1/2019,I.S. R002 George L. Egbert,STATEN ISLAND,10306
1/1/2019,Village Academy,QUEENS,11691
1/1/2019,P.S. 075 Emily Dickinson,MANHATTAN,10025
1/1/2019,El Puente Academy for Peace and Justice,BROOKLYN,11211
1/1/2019,High School M560 - City As School,MANHATTAN,10014
1/1/2019,P.S. 110,QUEENS,11368
1/1/2019,Eleanor Roosevelt High School,MANHATTAN,10021
1/1/2019,P.S. 39 Francis J. Murphy Jr.,STATEN ISLAND,10305
1/1/2019,J.H.S. 185 Edward Bleeker,QUEENS,11354
1/1/2019,Rockaway Collegiate High School,QUEENS,11694
1/1/2019,Corona Arts & Sciences Academy,QUEENS,11368
1/1/2019,P.S. 195 William Haberle,QUEENS,11422
1/1/2019,P.S. 064 Joseph P. Addabbo,QUEENS,11416
1/1/2019,Baccalaureate School for Global Education,QUEENS,11106
1/1/2019,P.S. 078 Anne Hutchinson,BRONX,10469
1/1/2019,P.S. 154 Harriet Tubman,MANHATTAN,10027
1/1/2019,P.S. 069 Journey Prep School,BRONX,10473
1/1/2019,P.S. 014 Fairview,QUEENS,11368
1/1/2019,I.S. 051 Edwin Markham,STATEN ISLAND,10302
1/1/2019,J.H.S. 201 The Dyker Heights,BROOKLYN,11228
1/1/2019,P.S. 396,BRONX,10453
1/1/2019,"City Polytechnic High School of Engineering, Archi",BROOKLYN,11201
1/1/2019,All City Leadership Secondary School,BROOKLYN,11237
1/1/2019,East Side Community School,MANHATTAN,10009
1/1/2019,School Support Team 3- Queens North,QUEENS,11101
1/1/2019,P.S. 179 Kensington,BROOKLYN,11218
1/1/2019,P.S. 133 Fred R Moore,MANHATTAN,10037
1/1/2019,Helen M. Marshall School,QUEENS,11368
1/1/2019,P.S. 022 Graniteville,STATEN ISLAND,10303
1/1/2019,P.S. 192 - The Magnet School for Math and Science,BROOKLYN,11204
1/1/2019,South Bronx Academy for Applied Media,BRONX,10456
1/1/2019,"P.S. 279 Captain Manuel Rivera, Jr.",BRONX,10453
1/1/2019,P.S. 066 School of Higher Expectations,BRONX,10460
1/1/2019,ACORN Community High School,BROOKLYN,11238
1/1/2019,J.H.S. 104 Simon Baruch,MANHATTAN,10010
1/1/2019,The Boerum Hill School for International Studies,BROOKLYN,11201
1/1/2019,Young Women's Leadership School of the Bronx,BRONX,10453
1/1/2019,I.S. 73 - The Frank Sansivieri Intermediate School,QUEENS,11378
1/1/2019,High School for Contemporary Arts,BRONX,10467
1/1/2019,The Stephanie A. Vierno School,STATEN ISLAND,10306
1/1/2019,Grant Avenue Elementary School,BRONX,10456
1/1/2019,P.S. 050 Talfourd Lawn Elementary School,QUEENS,11435
1/1/2019,Richard R. Green High School of Teaching,MANHATTAN,10004
1/1/2019,I.S. 230,QUEENS,11372
1/1/2019,Bard High School Early College Queens,QUEENS,11101
1/1/2019,P.S. 306,BRONX,10453
1/1/2019,P.S. 163 Flushing Heights,QUEENS,11365
1/1/2019,J.H.S. 291 Roland Hayes,BROOKLYN,11221
1/1/2019,School for Classics High School,BROOKLYN,11208
1/1/2019,P.S. 096,QUEENS,11420
1/1/2019,P.S. 120 Queens,QUEENS,11355
1/1/2019,Energy Tech High School,QUEENS,11106
1/1/2019,MANHATTAN BUSINESS ACADEMY,MANHATTAN,10011
1/1/2019,P.S. 277,BRONX,10455
1/1/2019,Channel View School for Research,QUEENS,11694
1/1/2019,Yorkville Community School,MANHATTAN,10128
1/1/2019,Franklin Delano Roosevelt High School,BROOKLYN,11204
1/1/2019,P.S. 110 Florence Nightingale,MANHATTAN,10002
1/1/2019,P.S. 035,MANHATTAN,10019
1/1/2019,P.S. 377,QUEENS,11417
1/1/2019,J.H.S. 189 Daniel Carter Beard,QUEENS,11355
1/1/2019,Marta Valle High School,MANHATTAN,10002
1/1/2019,Liberty High School Academy for Newcomers,MANHATTAN,10011
1/1/2019,P.S. 178 - Dr. Selman Waksman,BRONX,10475
1/1/2019,Forest Hills High School,QUEENS,11375
1/1/2019,Young Women's Leadership School of Brooklyn,BROOKLYN,11206
1/1/2019,P.S. 199 Frederick Wachtel,BROOKLYN,11230
1/1/2019,Bronx Little School,BRONX,10460
1/1/2019,P.S. 253,QUEENS,11691
1/1/2019,Fort Greene Preparatory Academy,BROOKLYN,11205
1/1/2019,Edward A. Reynolds West Side High School,MANHATTAN,10025
1/1/2019,P.S. 091 The Albany Avenue School,BROOKLYN,11203
1/1/2019,Stephen T. Mather Building Arts & Craftsmanship Hi,MANHATTAN,10019
1/1/2019,The Lexington Academy,MANHATTAN,10029
1/1/2019,Central Park East II,MANHATTAN,10029
1/1/2019,P.S. 38 Roberto Clemente,MANHATTAN,10029
1/1/2019,Collaborative Arts Middle School,QUEENS,11413
1/1/2019,Battery Park City School,MANHATTAN,10280
1/1/2019,Queens Academy High School,QUEENS,11354
1/1/2019,Learners and Leaders,QUEENS,11385
1/1/2019,P.S. 007 Louis F. Simeone,QUEENS,11373
1/1/2019,Providing Urban Learners Success In Education High,BRONX,10457
1/1/2019,Juan Morel Campos Secondary School,BROOKLYN,11206
1/1/2019,J.H.S. 292 Margaret S. Douglas,BROOKLYN,11207
1/1/2019,Tottenville High School,STATEN ISLAND,10312
1/1/2019,The Bilingual Bicultural School,MANHATTAN,10029
1/1/2019,West Prep Academy,MANHATTAN,10025
1/1/2019,Bronx Collaborative High School,BRONX,10468
1/1/2019,John Adams High School,QUEENS,11417
1/1/2019,The School of Science and Applied Learning,BRONX,10457
1/1/2019,P.S. 527 - East Side School for Social Action,MANHATTAN,10128
1/1/2019,Brooklyn Collaborative Studies,BROOKLYN,11231
1/1/2019,P.S. 040 Augustus Saint-Gaudens,MANHATTAN,10003
1/1/2019,P.S. 399 Stanley Eugene Clark,BROOKLYN,11226
1/1/2019,Multicultural High School,BROOKLYN,11208
1/1/2019,P.S. 160 William T. Sampson,BROOKLYN,11219
1/1/2019,P.S. 015 Jackie Robinson,QUEENS,11413
1/1/2019,P.S. 088 Seneca,QUEENS,11385
1/1/2019,Queens United Middle School,QUEENS,11413
1/1/2019,P.S. 328 Phyllis Wheatley,BROOKLYN,11207
1/1/2019,Wave Preparatory Elementary School,QUEENS,11691
1/1/2019,P.S. 261 Philip Livingston,BROOKLYN,11201
1/1/2019,The Highbridge Green School,BRONX,10452
1/1/2019,J.H.S. 022 Jordan L. Mott,BRONX,10456
1/1/2019,P.S. 138,MANHATTAN,10035
1/1/2019,P.S. 076 A. Philip Randolph,MANHATTAN,10027
1/1/2019,P.S. 216 Arturo Toscanini,BROOKLYN,11223
1/1/2019,I.S. 204 Oliver W. Holmes,QUEENS,11106
1/1/2019,P.S. 057 Hubert H. Humphrey,STATEN ISLAND,10304
1/1/2019,The Academy of Urban Planning and Engineering,BROOKLYN,11237
1/1/2019,P.S. 65 The Academy of Innovative Learning,STATEN ISLAND,10301
1/1/2019,P.S. 049 Dorothy Bonawit Kole,QUEENS,11379
1/1/2019,P.S. 130,QUEENS,11361
1/1/2019,South Brooklyn Community High School,BROOKLYN,11231
1/1/2019,P.S. 238 Anne Sullivan,BROOKLYN,11223
1/1/2019,I.S. 171 Abraham Lincoln,BROOKLYN,11208
1/1/2019,The Hunts Point School,BRONX,10474
1/1/2019,The Children's Lab School,QUEENS,11104
1/1/2019,Brownsville Academy High School,BROOKLYN,11212
1/1/2019,Emma Lazarus High School,MANHATTAN,10002
1/1/2019,P.S. 108 Sal Abbracciamento,BROOKLYN,11208
1/1/2019,J.H.S. 167 Robert F. Wagner,MANHATTAN,10021
1/1/2019,P.S. 044 Thomas C. Brown,STATEN ISLAND,10303
1/1/2019,P.S. 150,MANHATTAN,10013
1/1/2020,I.S. 237,QUEENS,11355
1/1/2020,P.S. 064 Joseph P. Addabbo,QUEENS,11416
1/1/2020,Queens High School for the Sciences at York College,QUEENS,11433
1/1/2020,High School for Excellence and Innovation,MANHATTAN,10034
1/1/2020,P.S. 206 Joseph F Lamb,BROOKLYN,11229
1/1/2020,"The High School for Enterprise, Business and Technology",BROOKLYN,11211
1/1/2020,Eagle Academy for Young Men III,QUEENS,11434
1/1/2020,Tottenville High School,STATEN ISLAND,10312
1/1/2020,High School M560 - City As School,MANHATTAN,10014
1/1/2020,J.H.S. 217 Robert A. Van Wyck,QUEENS,11435
1/1/2020,P.S. 041 Greenwich Village,MANHATTAN,10011
1/1/2020,P.S. 186 Dr. Irving A Gladstone,BROOKLYN,11214
1/1/2020,Fort Hamilton High School,BROOKLYN,11209
1/1/2020,Williamsburg Preparatory School,BROOKLYN,11211
1/1/2020,"Young Women's Leadership School, Astoria",QUEENS,11102
1/1/2020,P.S. 110,QUEENS,11368
1/1/2020,Bronx Aerospace High School,BRONX,10467
1/1/2020,J.H.S. 062 Ditmas,BROOKLYN,11218
1/1/2020,P.S. 211,BRONX,10457
1/1/2020,Emma Lazarus High School,MANHATTAN,10002
1/1/2020,Frederick Douglass Academy III Secondary School,BRONX,10456
1/1/2020,J.H.S. 022 Jordan L. Mott,BRONX,10456
1/1/2020,J.H.S. 201 The Dyker Heights,BROOKLYN,11228
1/1/2020,J.H.S. 185 Edward Bleeker,QUEENS,11354
1/1/2020,Bushwick Community High School,BROOKLYN,11221
1/1/2020,Baruch College Campus High School,MANHATTAN,10010
1/1/2020,West End Secondary School,MANHATTAN,10023
1/1/2020,East New York Family Academy,BROOKLYN,11207
1/1/2020,M.S. 51 William Alexander,BROOKLYN,11215
1/1/2020,P.S. 015 Jackie Robinson,QUEENS,11413
1/1/2020,P.S. 017 Henry David Thoreau,QUEENS,11102
1/1/2020,Young Women's Leadership School of Brooklyn,BROOKLYN,11206
1/1/2020,P.S. 050 Talfourd Lawn Elementary School,QUEENS,11435
1/1/2020,P.S. 306,BRONX,10453
1/1/2020,Townsend Harris High School,QUEENS,11367
1/1/2020,P.S. 004 Maurice Wollin,STATEN ISLAND,10312
1/1/2020,P.S. 58 - The School of Heroes,QUEENS,11378
1/1/2020,East Side Community School,MANHATTAN,10009
1/1/2020,Van Siclen Community Middle School,BROOKLYN,11207
1/1/2020,William Cullen Bryant High School,QUEENS,11103
1/1/2020,P.S. 299 Thomas Warren Field,BROOKLYN,11221
1/1/2020,J.H.S. 167 Robert F. Wagner,MANHATTAN,10021
1/1/2020,P.S. 368,BROOKLYN,11206
1/1/2020,P.S. 009 Sarah Anderson,MANHATTAN,10024
1/1/2020,P.S. 021 Edward Hart,QUEENS,11354
1/1/2020,El Puente Academy for Peace and Justice,BROOKLYN,11211
1/1/2020,Staten Island Technical High School,STATEN ISLAND,10306
1/1/2020,I.S. 051 Edwin Markham,STATEN ISLAND,10302
1/1/2020,Brooklyn Preparatory High School,BROOKLYN,11211
1/1/2020,Pace High School,MANHATTAN,10002
1/1/2020,South Bronx Preparatory: A College Board School,BRONX,10454
1/1/2020,J.H.S. 227 Edward B. Shallow,BROOKLYN,11204
1/1/2020,#N/A,#N/A,#N/A
1/1/2020,M.S. 890,BROOKLYN,11218
1/1/2020,"Brooklyn Latin School, The",BROOKLYN,11206
1/1/2020,Franklin Delano Roosevelt High School,BROOKLYN,11204
1/1/2020,Renaissance School of the Arts,MANHATTAN,10035
1/1/2020,I.S. 141 The Steinway,QUEENS,11105
1/1/2020,Corona Arts & Sciences Academy,QUEENS,11368
1/1/2020,The Williamsburg High School of Art and Technology,BROOKLYN,11206
1/1/2020,"School of Math, Science, and Healthy Living",BROOKLYN,11220
1/1/2020,J.H.S. 050 John D. Wells,BROOKLYN,11211
1/1/2020,Spruce Street School,MANHATTAN,10038
1/1/2020,Institute for Health Professions at Cambria Heights,QUEENS,11411
1/1/2020,World View High School,BRONX,10468
1/1/2020,New York City Lab Middle School for Collaborative Studies,MANHATTAN,10011
1/1/2020,"PS/MS 20 P.O.George J. Werdann, III",BRONX,10467
1/1/2020,The Anderson School,MANHATTAN,10024
1/1/2020,P.S. 204 Vince Lombardi,BROOKLYN,11228
1/1/2020,John Adams High School,QUEENS,11417
1/1/2020,Innovation Diploma Plus,MANHATTAN,10024
1/1/2020,Newcomers High School,QUEENS,11101
1/1/2020,Brownsville Academy High School,BROOKLYN,11212
1/1/2020,Hunters Point Community Middle School,QUEENS,11101
1/1/2020,Multicultural High School,BROOKLYN,11208
1/1/2020,P.S. 179 Kensington,BROOKLYN,11218
1/1/2020,Marta Valle High School,MANHATTAN,10002
1/1/2020,Manhattan Early College School for Advertising,MANHATTAN,10038
1/1/2020,P.S. 065 Mother Hale Academy,BRONX,10454
1/1/2020,P.S. 182 Samantha Smith,QUEENS,11432
1/1/2020,Transit Tech Career and Technical Education High School,BROOKLYN,11208
1/1/2020,Brooklyn High School for Leadership and Community Service,BROOKLYN,11205
1/1/2020,Concord High School,STATEN ISLAND,10304
1/1/2020,P.S. 069 Journey Prep School,BRONX,10473
1/1/2020,P.S. 253,QUEENS,11691
1/1/2020,P.S. 075 Emily Dickinson,MANHATTAN,10025
1/1/2020,"Facing History School, The",MANHATTAN,10019
1/1/2020,The Stephanie A. Vierno School,STATEN ISLAND,10306
1/1/2020,P.S. 024 Andrew Jackson,QUEENS,11355
1/1/2020,Manhattan International High School,MANHATTAN,10065
1/1/2020,P.S. 192 - The Magnet School for Math and Science Inquiry,BROOKLYN,11204
1/1/2020,Academy for Young Writers,BROOKLYN,11208
1/1/2020,Satellite Academy High School,MANHATTAN,10001
1/1/2020,P.S. 090 Horace Mann,QUEENS,11418
1/1/2020,P.S. 084 Jose De Diego,BROOKLYN,11211
1/1/2020,South Bronx Academy for Applied Media,BRONX,10456
1/1/2020,Parkside Preparatory Academy,BROOKLYN,11226
1/1/2020,"Robert F. Wagner, Jr. Secondary School for Arts and Technology",QUEENS,11101
1/1/2020,P.S. 216 Arturo Toscanini,BROOKLYN,11223
1/1/2020,Dos Puentes Elementary School,MANHATTAN,10033
1/1/2020,P.S. 196 Grand Central Parkway,QUEENS,11375
1/1/2020,P.S. 200 Benson School,BROOKLYN,11214
1/1/2020,Fort Greene Preparatory Academy,BROOKLYN,11205
1/1/2020,P.S. 029 John M. Harrigan,BROOKLYN,11201
1/1/2020,Cambria Heights Academy,QUEENS,11423
1/1/2020,Hawtree Creek Middle School,QUEENS,11420
1/1/2020,P.S. 163 Flushing Heights,QUEENS,11365
1/1/2020,Expeditionary Learning School for Community Leaders,BROOKLYN,11214
1/1/2020,P.S. Q811,QUEENS,11362
1/1/2020,P.S. 014 Fairview,QUEENS,11368
1/1/2020,Fannie Lou Hamer Middle School,BRONX,10460
1/1/2020,P.S. 205 Clarion,BROOKLYN,11204
1/1/2020,P.S. 183 Robert L. Stevenson,MANHATTAN,10065
1/1/2020,P.S. K721 - Brooklyn Occupational Training Center,BROOKLYN,11223
1/1/2020,P.S. 160 William T. Sampson,BROOKLYN,11219
1/1/2020,Village Academy,QUEENS,11691
1/1/2020,Community Health Academy of the Heights,MANHATTAN,10032
1/1/2020,Academy for Conservation and the Environment,BROOKLYN,11236
1/1/2020,M.S. M245 The Computer School,MANHATTAN,10024
1/1/2020,I.S. 313 School of Leadership Development,BRONX,10457
1/1/2020,P.S. 261 Philip Livingston,BROOKLYN,11201
1/1/2020,John Jay School for Law,BROOKLYN,11215
1/1/2020,Spring Creek Community School,BROOKLYN,11208
1/1/2020,I.S. R002 George L. Egbert,STATEN ISLAND,10306
1/1/2020,P.S. 97 The Highlawn,BROOKLYN,11223
1/1/2020,P.S. 047 John Randolph,BRONX,10472
1/1/2020,P.S. 078 Anne Hutchinson,BRONX,10469
1/1/2020,The Lexington Academy,MANHATTAN,10029
1/1/2020,N.Y.C. Museum School,MANHATTAN,10011
1/1/2020,P.S. 165 Edith K. Bergtraum,QUEENS,11367
1/1/2020,Brooklyn Studio Secondary School,BROOKLYN,11214
1/1/2020,P.S. 160 Walter Francis Bishop,QUEENS,11435
1/1/2020,P.S. 207 Rockwood Park,QUEENS,11414
1/1/2020,P.S. 108 Assemblyman Angelo Del Toro Educational Complex,MANHATTAN,10029
1/1/2020,Lyons Community School,BROOKLYN,11206
1/1/2020,George Westinghouse Career and Technical Education High School,BROOKLYN,11201
1/1/2020,P.S. 223 Lyndon B. Johnson,QUEENS,11434
1/1/2020,Eleanor Roosevelt High School,MANHATTAN,10021
1/1/2020,P.S. 396,BRONX,10453
1/1/2020,Thurgood Marshall Academy for Learning and Social Change,MANHATTAN,10030
1/1/2020,New Heights Middle School,BROOKLYN,11203
1/1/2020,P.S. 102 Jacques Cartier,MANHATTAN,10029
1/1/2020,P.S. K315,BROOKLYN,11210
1/1/2020,J.H.S. 189 Daniel Carter Beard,QUEENS,11355
1/1/2020,P.S. 194 Countee Cullen,MANHATTAN,10030
1/1/2020,I.S. 230,QUEENS,11372
1/1/2020,The Highbridge Green School,BRONX,10452
1/1/2020,P.S./I.S. 323,BROOKLYN,11212
1/1/2020,The Bilingual Bicultural School,MANHATTAN,10029
1/1/2020,P.S. 002 Meyer London,MANHATTAN,10002
1/1/2020,Young Women's Leadership School of the Bronx,BRONX,10453
1/1/2020,P.S. 071 Forest,QUEENS,11385
1/1/2020,The Hunts Point School,BRONX,10474
1/1/2020,"P.S. 279 Captain Manuel Rivera, Jr.",BRONX,10453
1/1/2020,Manhattan Business Academy,MANHATTAN,10011
1/1/2020,High School of Telecommunication Arts and Technology,BROOKLYN,11220
1/1/2020,Bronx Envision Academy,BRONX,10460
1/1/2020,J.H.S. 291 Roland Hayes,BROOKLYN,11221
1/1/2020,P.S. 048 William Wordsworth,QUEENS,11433
1/1/2020,Secondary School for Journalism,BROOKLYN,11215
1/1/2020,University Neighborhood High School,MANHATTAN,10002
1/1/2020,University Heights Secondary School,BRONX,10455
1/1/2020,Hudson High School of Learning Technologies,MANHATTAN,10011
1/1/2020,"City Polytechnic High School of Engineering, Architecture, and Technology",BROOKLYN,11201
1/1/2020,Brooklyn Science and Engineering Academy,BROOKLYN,11203
1/1/2020,The Family School,BRONX,10456
1/1/2020,Richard R. Green High School of Teaching,MANHATTAN,10004
1/1/2020,P.S./M.S 042 R. Vernam,QUEENS,11692
1/1/2020,Yorkville Community School,MANHATTAN,10128
1/1/2020,P.S. 262 El Hajj Malik El Shabazz Elementary School,BROOKLYN,11233
1/1/2020,P.S. 120 Queens,QUEENS,11355
1/1/2020,J.H.S. 104 Simon Baruch,MANHATTAN,10010
1/1/2020,P.S. 280,QUEENS,11372
1/1/2020,P.S. 048 Mapleton,BROOKLYN,11204
1/1/2020,Midwood High School,BROOKLYN,11210
1/1/2020,Health Opportunities High School,BRONX,10451
1/1/2020,P.S. 199 Frederick Wachtel,BROOKLYN,11230
1/1/2020,Clara Barton High School,BROOKLYN,11225
1/1/2020,P.S./M.S. 280 Mosholu Parkway,BRONX,10467
1/1/2020,P.S. 001 The Bergen,BROOKLYN,11220
1/1/2020,J.H.S. 190 Russell Sage,QUEENS,11375
1/1/2020,M.S. 442 Carroll Gardens School for Innovation,BROOKLYN,11215
1/1/2020,P.S. 101 The Verrazano,BROOKLYN,11214
1/1/2020,New Voices School of Academic & Creative Arts,BROOKLYN,11215
1/1/2020,The High School of Fashion Industries,MANHATTAN,10011
1/1/2020,West Brooklyn Community High School,BROOKLYN,11219
1/1/2020,Collaborative Arts Middle School,QUEENS,11413
1/1/2020,Bronx High School for Writing and Communication Arts,BRONX,10467
1/1/2020,P.S. 128 Audubon,MANHATTAN,10032
1/1/2020,P.S. 38 Roberto Clemente,MANHATTAN,10029
1/1/2020,P.S. 205 Fiorello LaGuardia,BRONX,10458
1/1/2020,I.S. 254,BRONX,10458
1/1/2020,High School for Law and Public Service,MANHATTAN,10040
1/1/2020,ACORN Community High School,BROOKLYN,11238
1/1/2020,Queens Academy High School,QUEENS,11354
1/1/2020,P.S. 254 Dag Hammarskjold,BROOKLYN,11235
1/1/2020,Academy of Medical Technology: A College Board School,QUEENS,11691
1/1/2020,P.S. 161 Juan Ponce De Leon School,BRONX,10455
1/1/2020,Bronx Early College Academy for Teaching & Learning,BRONX,10456
1/1/2020,P.S. 264 Bay Ridge Elementary School For The Arts,BROOKLYN,11209
1/1/2020,Queens High School for Language Studies,QUEENS,11354
1/1/2020,A.C.E. Academy for Scholars at the Geraldine Ferraro Campus,QUEENS,11385
1/1/2020,P.S. 39 Francis J. Murphy Jr.,STATEN ISLAND,10305
1/1/2020,P.S. 316 Elijah Stroud,BROOKLYN,11238
1/1/2020,P.S. 091 The Albany Avenue School,BROOKLYN,11203
1/1/2020,South Bronx International Middle School,BRONX,10456
1/1/2020,P.S. 059 Beekman Hill International,MANHATTAN,10019
1/1/2020,Bronx Engineering and Technology Academy,BRONX,10463
1/1/2020,Baccalaureate School for Global Education,QUEENS,11106
1/1/2020,Academy of Finance and Enterprise,QUEENS,11101
1/1/2020,Liberty High School Academy for Newcomers,MANHATTAN,10011
1/1/2020,Queens Technical High School,QUEENS,11101
1/1/2020,J.H.S. 057 Whitelaw Reid,BROOKLYN,11221
1/1/2020,P.S. 045 John Tyler,STATEN ISLAND,10310
1/1/2020,High School of Sports Management,BROOKLYN,11214
1/1/2020,P.S. 149 Danny Kaye,BROOKLYN,11207
1/1/2020,"I.S. X318 Math, Science & Technology Through Arts",BRONX,10457
1/1/2020,Tag Young Scholars,MANHATTAN,10029
1/1/2020,P.S. 110 Florence Nightingale,MANHATTAN,10002
1/1/2020,I.S. 206 Ann Mersereau,BRONX,10468
1/1/2020,P.S. 241 Emma L. Johnston,BROOKLYN,11225
1/1/2020,W. H. Maxwell Career and Technical Education High School,BROOKLYN,11207
1/1/2020,"Young Women's Leadership School, Queens",QUEENS,11432
1/1/2020,The Urban Assembly Unison School,BROOKLYN,11238
1/1/2020,P.S. 183 Dr. Richard R. Green,QUEENS,11693
1/1/2020,I.S. 227 Louis Armstrong,QUEENS,11369
1/1/2020,P.S. 096,QUEENS,11420
1/1/2020,I.S. 204 Oliver W. Holmes,QUEENS,11106
